{
    "MLP-tuned": {
        "roc": {
            "avg": {
                "taxa_fp": [
                    0.0,
                    0.05251,
                    1.0
                ],
                "taxa_tp": [
                    0.0,
                    0.9264700000000001,
                    1.0
                ],
                "roc_auc": 0.93697
            },
            "std": {
                "taxa_fp": [
                    0.0,
                    0.01617865569199122,
                    0.0
                ],
                "taxa_tp": [
                    0.0,
                    0.03026215623513964,
                    0.0
                ],
                "roc_auc": 0.013339793851480626
            }
        },
        "acc": {
            "avg": 0.9370099999999999,
            "std": 0.013279567011013595
        },
        "recall": {
            "avg": 0.9264700000000001,
            "std": 0.030262156235139635
        },
        "specificity": {
            "avg": 0.9474900000000002,
            "std": 0.016178655691991218
        },
        "precision": {
            "avg": 0.9468099999999999,
            "std": 0.015122661802738283
        },
        "f1": {
            "avg": 0.93611,
            "std": 0.014484850706859217
        }
    },
    "CNN-tuned": {
        "roc": {
            "avg": {
                "taxa_fp": [
                    0.0,
                    0.04554,
                    1.0
                ],
                "taxa_tp": [
                    0.0,
                    0.94138,
                    1.0
                ],
                "roc_auc": 0.9479500000000002
            },
            "std": {
                "taxa_fp": [
                    0.0,
                    0.018353375711296274,
                    0.0
                ],
                "taxa_tp": [
                    0.0,
                    0.01951454841906416,
                    0.0
                ],
                "roc_auc": 0.01180629069606538
            }
        },
        "acc": {
            "avg": 0.9479500000000002,
            "std": 0.011798749933785357
        },
        "recall": {
            "avg": 0.94138,
            "std": 0.01951454841906416
        },
        "specificity": {
            "avg": 0.9544599999999999,
            "std": 0.018353375711296274
        },
        "precision": {
            "avg": 0.9543000000000001,
            "std": 0.017150043731722662
        },
        "f1": {
            "avg": 0.9475899999999999,
            "std": 0.011940724433634666
        }
    },
    "LR": {
        "roc": {
            "avg": {
                "taxa_fp": [
                    0.0,
                    0.17326,
                    1.0
                ],
                "taxa_tp": [
                    0.0,
                    0.75675,
                    1.0
                ],
                "roc_auc": 0.7917399999999999
            },
            "std": {
                "taxa_fp": [
                    0.0,
                    0.03415392217593757,
                    0.0
                ],
                "taxa_tp": [
                    0.0,
                    0.021302312081086412,
                    0.0
                ],
                "roc_auc": 0.020940210123110026
            }
        },
        "acc": {
            "avg": 0.7917799999999999,
            "std": 0.020949596654828456
        },
        "recall": {
            "avg": 0.75675,
            "std": 0.021302312081086412
        },
        "specificity": {
            "avg": 0.8267399999999998,
            "std": 0.034153922175937546
        },
        "precision": {
            "avg": 0.81463,
            "std": 0.02917334571145378
        },
        "f1": {
            "avg": 0.78433,
            "std": 0.019864644472026165
        }
    },
    "DT": {
        "roc": {
            "avg": {
                "taxa_fp": [
                    0.0,
                    0.15311000000000002,
                    1.0
                ],
                "taxa_tp": [
                    0.0,
                    0.8670200000000001,
                    1.0
                ],
                "roc_auc": 0.8569600000000002
            },
            "std": {
                "taxa_fp": [
                    0.0,
                    0.026937277145249853,
                    0.0
                ],
                "taxa_tp": [
                    0.0,
                    0.03783230894354716,
                    0.0
                ],
                "roc_auc": 0.02424051154575745
            }
        },
        "acc": {
            "avg": 0.85694,
            "std": 0.02426290172258875
        },
        "recall": {
            "avg": 0.8670199999999999,
            "std": 0.03783230894354716
        },
        "specificity": {
            "avg": 0.8468900000000001,
            "std": 0.026937277145249867
        },
        "precision": {
            "avg": 0.85017,
            "std": 0.023133614071303238
        },
        "f1": {
            "avg": 0.8581299999999998,
            "std": 0.025352358864610618
        }
    },
    "KNN": {
        "roc": {
            "avg": {
                "taxa_fp": [
                    0.0,
                    0.10941000000000001,
                    1.0
                ],
                "taxa_tp": [
                    0.0,
                    0.87142,
                    1.0
                ],
                "roc_auc": 0.881
            },
            "std": {
                "taxa_fp": [
                    0.0,
                    0.027929820980450274,
                    0.0
                ],
                "taxa_tp": [
                    0.0,
                    0.02328745585073646,
                    0.0
                ],
                "roc_auc": 0.01721557434418033
            }
        },
        "acc": {
            "avg": 0.88102,
            "std": 0.01724951013797203
        },
        "recall": {
            "avg": 0.87142,
            "std": 0.02328745585073646
        },
        "specificity": {
            "avg": 0.8905900000000001,
            "std": 0.027929820980450288
        },
        "precision": {
            "avg": 0.8892200000000001,
            "std": 0.02427277487227201
        },
        "f1": {
            "avg": 0.87992,
            "std": 0.01699604659913594
        }
    },
    "SVM": {
        "roc": {
            "avg": {
                "taxa_fp": [
                    0.0,
                    0.07524,
                    1.0
                ],
                "taxa_tp": [
                    0.0,
                    0.8250200000000001,
                    1.0
                ],
                "roc_auc": 0.8749100000000001
            },
            "std": {
                "taxa_fp": [
                    0.0,
                    0.026056292905937327,
                    0.0
                ],
                "taxa_tp": [
                    0.0,
                    0.02391918894946064,
                    0.0
                ],
                "roc_auc": 0.021453272477643122
            }
        },
        "acc": {
            "avg": 0.87493,
            "std": 0.02139392670829738
        },
        "recall": {
            "avg": 0.8250200000000001,
            "std": 0.02391918894946064
        },
        "specificity": {
            "avg": 0.9247599999999998,
            "std": 0.026056292905937337
        },
        "precision": {
            "avg": 0.9168100000000001,
            "std": 0.027168601362602393
        },
        "f1": {
            "avg": 0.8683099999999999,
            "std": 0.02250206434974356
        }
    }
}